Name,Date,Length,Reservation
Ka,4/11/2019 10:33,36 Minutes,undefined
Ch,4/11/2019 10:01,31 Minutes,undefined
ar,4/10/2019 12:01,60 Minutes,undefined
Ka,4/10/2019 11:11,36 Minutes,undefined
Ka,4/10/2019 10:46,24 Minutes,undefined
IL,4/10/2019 10:02,30 Minutes,undefined
fe,4/10/2019 9:33,29 Minutes,undefined
em,4/9/2019 23:03,15 Minutes,undefined
Ka,4/9/2019 22:31,29 Minutes,undefined
Li,4/9/2019 22:00,29 Minutes,undefined
Ch,4/9/2019 18:01,29 Minutes,
cc,4/9/2019 10:31,30 Minutes,undefined
Ch,4/9/2019 10:00,31 Minutes,undefined
ar,4/8/2019 12:02,60 Minutes,undefined
Ni,4/8/2019 11:16,30 Minutes,undefined
IL,4/8/2019 10:45,30 Minutes,undefined
fe,4/8/2019 9:32,30 Minutes,undefined
ar,4/5/2019 11:58,60 Minutes,undefined
Ka,4/5/2019 10:51,63 Minutes,undefined
Ka,4/5/2019 10:04,35 Minutes,undefined
fe,4/5/2019 9:34,30 Minutes,undefined
Ka,4/4/2019 22:32,31 Minutes,undefined
cc,4/4/2019 19:01,31 Minutes,undefined
Ch,4/4/2019 18:54,7 Minutes,undefined
Ch,4/4/2019 18:31,22 Minutes,undefined
Ka,4/4/2019 10:34,76 Minutes,undefined
Ch,4/4/2019 10:03,30 Minutes,undefined
Ch,4/4/2019 10:01,1 Minutes,undefined
ar,4/3/2019 12:44,16 Minutes,undefined
ar,4/3/2019 12:07,34 Minutes,undefined
fe,4/3/2019 9:31,31 Minutes,undefined
em,4/2/2019 22:45,15 Minutes,undefined
Li,4/2/2019 22:00,30 Minutes,undefined
hi,4/2/2019 19:02,15 Minutes,undefined
Ch,4/2/2019 18:34,28 Minutes,undefined
Ni,4/2/2019 10:35,30 Minutes,undefined
Ch,4/2/2019 10:05,29 Minutes,undefined
Ch,4/2/2019 10:02,1 Minutes,undefined
Ch,4/2/2019 10:01,0 Minutes,undefined
fe,4/1/2019 9:32,30 Minutes,undefined
cc,3/29/2019 13:38,26 Minutes,undefined
cc,3/29/2019 13:30,5 Minutes,undefined
Ka,3/29/2019 12:01,59 Minutes,undefined
Ka,3/28/2019 22:02,64 Minutes,undefined
jo,3/28/2019 19:04,27 Minutes,undefined
Ch,3/28/2019 18:31,31 Minutes,undefined
Ka,3/28/2019 10:47,73 Minutes,undefined
Ch,3/28/2019 10:07,30 Minutes,undefined
fe,3/28/2019 9:51,16 Minutes,undefined
Ka,3/27/2019 13:01,61 Minutes,undefined
IL,3/27/2019 10:39,6 Minutes,undefined
IL,3/27/2019 10:23,10 Minutes,undefined
IL,3/27/2019 10:07,14 Minutes,undefined
fe,3/27/2019 9:31,30 Minutes,undefined
jo,3/26/2019 19:01,30 Minutes,undefined
Ch,3/26/2019 18:30,29 Minutes,undefined
Ka,3/26/2019 13:00,70 Minutes,undefined
Ka,3/26/2019 11:30,33 Minutes,undefined
Ch,3/26/2019 10:01,31 Minutes,undefined
Ka,3/25/2019 12:06,66 Minutes,undefined
Ni,3/25/2019 11:27,19 Minutes,undefined
Ni,3/25/2019 11:16,11 Minutes,undefined
Be,3/25/2019 10:00,31 Minutes,undefined
IL,3/23/2019 10:01,30 Minutes,undefined
Ka,3/22/2019 13:01,62 Minutes,undefined
Er,3/22/2019 11:31,9 Minutes,undefined
Er,3/22/2019 11:05,22 Minutes,undefined
IL,3/22/2019 10:08,30 Minutes,undefined
fe,3/22/2019 9:31,30 Minutes,undefined
jo,3/21/2019 18:31,30 Minutes,undefined
Ka,3/21/2019 11:19,41 Minutes,undefined
Ka,3/21/2019 10:46,32 Minutes,undefined
Ni,3/20/2019 11:17,30 Minutes,undefined
Ch,3/20/2019 10:02,34 Minutes,undefined
fe,3/20/2019 9:31,30 Minutes,undefined
em,3/19/2019 22:45,16 Minutes,undefined
Ch,3/19/2019 18:30,30 Minutes,undefined
Ka,3/19/2019 14:01,46 Minutes,undefined
Ka,3/19/2019 10:46,61 Minutes,undefined
Ch,3/19/2019 10:01,30 Minutes,undefined
cc,3/18/2019 15:00,30 Minutes,undefined
Ka,3/18/2019 13:00,65 Minutes,undefined
Ka,3/18/2019 11:00,64 Minutes,undefined
Ka,3/15/2019 13:31,42 Minutes,undefined
Ni,3/15/2019 13:01,30 Minutes,undefined
ar,3/15/2019 10:49,59 Minutes,undefined
fe,3/15/2019 10:06,30 Minutes,undefined
IL,3/15/2019 9:46,19 Minutes,undefined
IL,3/15/2019 9:30,12 Minutes,undefined
Ka,3/14/2019 22:02,61 Minutes,undefined
jo,3/14/2019 19:00,30 Minutes,undefined
Ch,3/14/2019 18:31,29 Minutes,undefined
Ch,3/14/2019 14:02,29 Minutes,undefined
ar,3/14/2019 10:50,57 Minutes,undefined
IL,3/14/2019 10:16,30 Minutes,undefined
hi,3/13/2019 10:45,15 Minutes,undefined
fe,3/13/2019 10:01,30 Minutes,undefined
IL,3/13/2019 9:31,30 Minutes,undefined
Ni,3/12/2019 22:37,30 Minutes,undefined
Li,3/12/2019 22:06,30 Minutes,undefined
jo,3/12/2019 19:01,16 Minutes,undefined
Ch,3/12/2019 18:30,29 Minutes,undefined
Ka,3/12/2019 14:01,75 Minutes,undefined
ar,3/12/2019 11:04,60 Minutes,undefined
Ch,3/12/2019 10:30,31 Minutes,undefined
Ka,3/11/2019 14:30,60 Minutes,undefined
cc,3/11/2019 13:29,30 Minutes,undefined
ar,3/11/2019 10:48,58 Minutes,undefined
fe,3/11/2019 10:02,30 Minutes,undefined
Ch,3/8/2019 13:05,60 Minutes,undefined
fe,3/8/2019 10:03,30 Minutes,undefined
Hs,3/8/2019 9:32,30 Minutes,undefined
Hs,3/8/2019 9:31,0 Minutes,undefined
jo,3/7/2019 22:03,30 Minutes,undefined
Ch,3/7/2019 18:30,31 Minutes,undefined
ar,3/7/2019 14:03,58 Minutes,undefined
ë°,3/7/2019 11:37,30 Minutes,
Er,3/7/2019 11:03,31 Minutes,
Ni,3/6/2019 15:00,30 Minutes,undefined
ar,3/6/2019 10:52,62 Minutes,undefined
fe,3/6/2019 10:00,30 Minutes,undefined
em,3/5/2019 22:45,15 Minutes,undefined
Li,3/5/2019 22:01,30 Minutes,undefined
Ch,3/5/2019 18:30,32 Minutes,undefined
ar,3/5/2019 11:03,55 Minutes,undefined
ki,3/4/2019 16:02,30 Minutes,undefined
ar,3/4/2019 10:51,59 Minutes,undefined
fe,3/4/2019 10:15,26 Minutes,undefined
fe,3/1/2019 10:01,30 Minutes,undefined
So,3/1/2019 9:34,27 Minutes,undefined
Ni,2/28/2019 22:01,30 Minutes,undefined
jo,2/28/2019 19:01,30 Minutes,undefined
Ch,2/28/2019 18:32,29 Minutes,undefined
le,2/28/2019 11:00,30 Minutes,undefined
Ch,2/27/2019 12:00,60 Minutes,undefined
Er,2/27/2019 11:03,31 Minutes,undefined
fe,2/27/2019 10:04,30 Minutes,undefined
f0,2/27/2019 9:33,30 Minutes,undefined
em,2/26/2019 22:32,15 Minutes,undefined
Li,2/26/2019 22:00,30 Minutes,undefined
Ch,2/26/2019 18:31,31 Minutes,undefined
So,2/26/2019 10:45,31 Minutes,undefined
fe,2/25/2019 10:11,18 Minutes,undefined
Fa,2/25/2019 9:31,30 Minutes,undefined
Ni,2/22/2019 13:31,31 Minutes,undefined
Ju,2/22/2019 13:17,12 Minutes,undefined
ar,2/22/2019 12:05,59 Minutes,undefined
wu,2/22/2019 9:32,30 Minutes,undefined
Eu,2/21/2019 22:30,60 Minutes,undefined
Ch,2/21/2019 18:33,58 Minutes,undefined
jo,2/21/2019 18:01,30 Minutes,undefined
wu,2/21/2019 13:56,11 Minutes,undefined
wu,2/21/2019 13:37,18 Minutes,undefined
ar,2/21/2019 10:48,59 Minutes,undefined
ar,2/20/2019 10:48,60 Minutes,undefined
Ch,2/20/2019 9:31,60 Minutes,undefined
Eu,2/19/2019 22:31,60 Minutes,undefined
ar,2/19/2019 11:10,46 Minutes,undefined
ar,2/18/2019 11:05,55 Minutes,undefined
Ch,2/18/2019 9:31,60 Minutes,undefined
wu,2/15/2019 13:17,29 Minutes,undefined
Ni,2/15/2019 12:40,30 Minutes,undefined
ar,2/15/2019 11:19,62 Minutes,undefined
ë°,2/15/2019 10:34,30 Minutes,undefined
Ch,2/15/2019 9:52,41 Minutes,undefined
Ch,2/15/2019 9:32,19 Minutes,undefined
Eu,2/14/2019 22:00,60 Minutes,undefined
Ch,2/14/2019 18:31,61 Minutes,undefined
jo,2/14/2019 18:00,30 Minutes,undefined
wu,2/14/2019 13:33,30 Minutes,undefined
eu,2/14/2019 13:02,30 Minutes,undefined
eu,2/14/2019 13:01,0 Minutes,undefined
fu,2/14/2019 12:31,30 Minutes,undefined
ar,2/14/2019 11:38,53 Minutes,undefined
ar,2/13/2019 12:05,54 Minutes,undefined
Ch,2/13/2019 9:32,60 Minutes,undefined
Eu,2/12/2019 22:31,60 Minutes,undefined
Li,2/12/2019 22:00,30 Minutes,undefined
Ni,2/12/2019 18:30,30 Minutes,undefined
ar,2/12/2019 11:02,64 Minutes,undefined
We,2/12/2019 10:30,30 Minutes,undefined
Ch,2/11/2019 13:01,60 Minutes,undefined
ar,2/11/2019 11:18,56 Minutes,undefined
fe,2/11/2019 10:01,30 Minutes,undefined
wu,2/8/2019 12:04,33 Minutes,undefined
ar,2/8/2019 11:09,33 Minutes,undefined
Ch,2/8/2019 9:32,60 Minutes,undefined
Eu,2/7/2019 22:01,60 Minutes,undefined
Ch,2/7/2019 18:30,30 Minutes,undefined
Ni,2/7/2019 11:50,30 Minutes,undefined
eu,2/7/2019 11:24,23 Minutes,undefined
Ch,2/1/2019 12:31,60 Minutes,undefined
em,2/1/2019 12:15,15 Minutes,undefined
fe,2/1/2019 10:02,30 Minutes,undefined
Eu,1/31/2019 22:06,60 Minutes,undefined
Eu,1/31/2019 22:00,1 Minutes,undefined
jo,1/31/2019 19:03,30 Minutes,undefined
Ch,1/31/2019 18:30,32 Minutes,undefined
Be,1/31/2019 13:05,28 Minutes,undefined
ar,1/31/2019 12:23,37 Minutes,undefined
ar,1/31/2019 12:03,19 Minutes,undefined
Ch,1/30/2019 13:31,61 Minutes,undefined
ar,1/30/2019 10:50,56 Minutes,undefined
fe,1/30/2019 10:02,30 Minutes,undefined
IL,1/30/2019 9:31,29 Minutes,undefined
Eu,1/29/2019 22:32,60 Minutes,undefined
Li,1/29/2019 22:00,30 Minutes,undefined
jo,1/29/2019 19:03,30 Minutes,undefined
Ni,1/29/2019 14:00,30 Minutes,undefined
ar,1/29/2019 11:04,59 Minutes,undefined
Ch,1/28/2019 13:30,60 Minutes,undefined
fe,1/28/2019 10:47,30 Minutes,undefined
IL,1/28/2019 10:01,30 Minutes,undefined
Pa,1/28/2019 9:31,30 Minutes,undefined
Ch,1/25/2019 12:37,57 Minutes,undefined
IL,1/25/2019 9:31,30 Minutes,undefined
Eu,1/24/2019 22:04,60 Minutes,undefined
Ch,1/24/2019 18:31,32 Minutes,undefined
ce,1/24/2019 13:27,7 Minutes,undefined
ce,1/24/2019 13:03,22 Minutes,undefined
ar,1/24/2019 12:07,54 Minutes,undefined
Ch,1/23/2019 14:31,60 Minutes,undefined
Sa,1/23/2019 13:02,30 Minutes,undefined
ar,1/23/2019 11:15,53 Minutes,undefined
ar,1/23/2019 11:13,1 Minutes,undefined
Eu,1/22/2019 22:04,60 Minutes,undefined
jo,1/22/2019 19:03,30 Minutes,undefined
jo,1/22/2019 19:01,0 Minutes,undefined
fu,1/22/2019 12:00,30 Minutes,undefined
Ch,1/21/2019 14:06,59 Minutes,undefined
Ni,1/21/2019 12:31,30 Minutes,undefined
Be,1/21/2019 11:03,30 Minutes,undefined
IL,1/21/2019 9:32,30 Minutes,undefined
Ze,1/18/2019 13:02,31 Minutes,undefined
Ni,1/18/2019 12:31,30 Minutes,undefined
ar,1/18/2019 11:04,56 Minutes,undefined
Ch,1/18/2019 9:30,60 Minutes,undefined
Eu,1/17/2019 22:00,60 Minutes,undefined
Ch,1/17/2019 19:09,25 Minutes,undefined
Ch,1/17/2019 19:01,5 Minutes,undefined
jo,1/17/2019 18:30,30 Minutes,undefined
ar,1/17/2019 12:01,49 Minutes,undefined
IL,1/17/2019 11:31,30 Minutes,undefined
jo,1/16/2019 15:32,30 Minutes,undefined
Ch,1/16/2019 14:31,60 Minutes,undefined
fu,1/16/2019 12:00,30 Minutes,undefined
wu,1/16/2019 10:24,11 Minutes,undefined
wu,1/16/2019 10:01,22 Minutes,undefined
IL,1/16/2019 9:31,30 Minutes,undefined
Ni,1/15/2019 23:01,30 Minutes,undefined
Eu,1/15/2019 22:00,60 Minutes,undefined
Ch,1/15/2019 20:02,29 Minutes,undefined
IL,1/15/2019 11:32,30 Minutes,undefined
Ol,1/14/2019 10:00,30 Minutes,undefined
IL,1/11/2019 10:33,30 Minutes,undefined
Ch,1/11/2019 9:32,60 Minutes,undefined
Eu,1/6/2019 13:07,60 Minutes,undefined
IL,1/4/2019 11:00,2 Minutes,undefined
IL,1/4/2019 10:31,28 Minutes,undefined
Ch,1/4/2019 9:01,60 Minutes,undefined
Eu,1/3/2019 23:00,60 Minutes,undefined
em,1/3/2019 22:31,15 Minutes,undefined
Ch,1/3/2019 18:30,29 Minutes,undefined
Ni,1/3/2019 12:30,25 Minutes,undefined
IL,1/3/2019 11:31,30 Minutes,undefined
IL,1/2/2019 11:02,30 Minutes,undefined
Ch,1/2/2019 10:02,60 Minutes,undefined
Ni,12/28/2018 13:30,30 Minutes,undefined
Pa,12/28/2018 13:00,30 Minutes,undefined
ar,12/28/2018 11:30,32 Minutes,undefined
ar,12/28/2018 11:01,28 Minutes,undefined
Ch,12/28/2018 9:32,60 Minutes,undefined
Eu,12/27/2018 22:30,60 Minutes,undefined
em,12/27/2018 22:00,15 Minutes,undefined
Ch,12/27/2018 18:32,30 Minutes,undefined
eu,12/27/2018 18:02,29 Minutes,undefined
eu,12/27/2018 18:00,1 Minutes,undefined
ar,12/26/2018 11:02,61 Minutes,undefined
Ch,12/26/2018 10:01,30 Minutes,undefined
fe,12/24/2018 10:32,30 Minutes,undefined
na,12/24/2018 9:46,30 Minutes,undefined
Ja,12/21/2018 12:32,30 Minutes,undefined
IL,12/21/2018 10:32,30 Minutes,undefined
Ch,12/21/2018 9:32,60 Minutes,undefined
Eu,12/20/2018 22:30,60 Minutes,undefined
4g,12/20/2018 18:31,29 Minutes,undefined
é™,12/20/2018 11:58,10 Minutes,undefined
é™,12/20/2018 11:31,23 Minutes,undefined
JK,12/19/2018 14:30,30 Minutes,undefined
fe,12/19/2018 11:03,31 Minutes,undefined
IL,12/19/2018 10:32,30 Minutes,undefined
Ch,12/19/2018 9:32,59 Minutes,undefined
Eu,12/18/2018 22:35,57 Minutes,undefined
Eu,12/18/2018 22:31,3 Minutes,undefined
fe,12/18/2018 10:31,31 Minutes,undefined
IL,12/18/2018 10:00,30 Minutes,undefined
ar,12/17/2018 11:05,55 Minutes,undefined
fe,12/17/2018 10:31,30 Minutes,undefined
Ni,12/14/2018 13:02,30 Minutes,undefined
Ch,12/14/2018 12:00,12 Minutes,
fe,12/14/2018 11:09,31 Minutes,undefined
Ur,12/14/2018 10:32,30 Minutes,undefined
Ch,12/14/2018 9:53,38 Minutes,undefined
Ch,12/14/2018 9:38,10 Minutes,undefined
Eu,12/13/2018 22:01,60 Minutes,undefined
4g,12/13/2018 18:33,28 Minutes,undefined
4g,12/13/2018 18:30,3 Minutes,undefined
ar,12/13/2018 11:06,53 Minutes,undefined
fe,12/13/2018 10:36,30 Minutes,undefined
IL,12/13/2018 10:07,28 Minutes,undefined
Ja,12/12/2018 12:03,30 Minutes,undefined
ar,12/12/2018 11:03,57 Minutes,undefined
IL,12/12/2018 10:31,30 Minutes,undefined
Ch,12/12/2018 10:00,30 Minutes,undefined
em,12/11/2018 23:02,15 Minutes,undefined
Eu,12/11/2018 21:59,60 Minutes,undefined
IL,12/11/2018 10:01,30 Minutes,undefined
Ni,12/10/2018 11:59,30 Minutes,undefined
ar,12/10/2018 11:40,19 Minutes,undefined
ar,12/10/2018 11:03,32 Minutes,undefined
fe,12/10/2018 10:32,30 Minutes,undefined
Ch,12/10/2018 9:31,30 Minutes,undefined
Ch,12/7/2018 14:01,60 Minutes,undefined
fe,12/7/2018 10:47,30 Minutes,undefined
Ur,12/7/2018 10:01,30 Minutes,undefined
IL,12/7/2018 9:31,30 Minutes,undefined
Eu,12/6/2018 22:02,60 Minutes,undefined
Ch,12/6/2018 18:30,29 Minutes,undefined
Ja,12/6/2018 11:02,30 Minutes,undefined
IL,12/6/2018 10:31,30 Minutes,undefined
Ch,12/5/2018 14:03,60 Minutes,undefined
fe,12/5/2018 10:31,30 Minutes,undefined
em,12/4/2018 23:15,15 Minutes,undefined
Eu,12/4/2018 22:01,60 Minutes,undefined
IL,12/4/2018 10:01,30 Minutes,undefined
Hy,12/3/2018 12:00,31 Minutes,undefined
Ch,11/30/2018 14:00,60 Minutes,undefined
fe,11/30/2018 10:35,30 Minutes,undefined
Ur,11/30/2018 10:10,24 Minutes,undefined
Ur,11/30/2018 10:02,6 Minutes,undefined
IL,11/30/2018 9:31,30 Minutes,undefined
Eu,11/29/2018 22:36,27 Minutes,undefined
Eu,11/29/2018 22:01,33 Minutes,undefined
Li,11/29/2018 21:30,30 Minutes,undefined
Pa,11/29/2018 11:33,30 Minutes,undefined
Se,11/29/2018 10:01,30 Minutes,undefined
Ch,11/28/2018 14:00,61 Minutes,undefined
Ni,11/28/2018 11:33,30 Minutes,undefined
Ja,11/28/2018 11:02,30 Minutes,undefined
fe,11/28/2018 10:31,30 Minutes,undefined
Se,11/28/2018 9:41,23 Minutes,
Se,11/28/2018 9:32,7 Minutes,
Eu,11/27/2018 23:58,6 Minutes,undefined
Eu,11/27/2018 23:02,54 Minutes,undefined
em,11/27/2018 22:47,15 Minutes,undefined
Se,11/27/2018 9:57,30 Minutes,undefined
Ni,11/26/2018 13:02,30 Minutes,undefined
fe,11/26/2018 10:36,30 Minutes,undefined
Ch,11/23/2018 14:01,60 Minutes,undefined
Ni,11/23/2018 13:45,16 Minutes,undefined
ar,11/23/2018 11:06,56 Minutes,undefined
fe,11/23/2018 10:31,30 Minutes,undefined
Se,11/23/2018 9:31,30 Minutes,undefined
Eu,11/22/2018 22:01,60 Minutes,undefined
Ko,11/21/2018 16:02,14 Minutes,undefined
Ch,11/21/2018 14:00,60 Minutes,undefined
fe,11/21/2018 10:31,30 Minutes,undefined
Ja,11/21/2018 9:59,4 Minutes,undefined
Ja,11/21/2018 9:33,26 Minutes,undefined
Ja,11/21/2018 9:31,0 Minutes,undefined
Eu,11/20/2018 23:17,48 Minutes,undefined
Eu,11/20/2018 23:06,9 Minutes,undefined
Eu,11/20/2018 23:00,3 Minutes,undefined
em,11/20/2018 22:01,15 Minutes,undefined
Ni,11/20/2018 13:04,30 Minutes,undefined
Ni,11/20/2018 13:03,0 Minutes,undefined
ki,11/19/2018 16:01,30 Minutes,undefined
Pa,11/19/2018 15:58,3 Minutes,undefined
Pa,11/19/2018 15:43,14 Minutes,undefined
Pa,11/19/2018 15:38,1 Minutes,undefined
Pa,11/19/2018 15:34,3 Minutes,undefined
ar,11/19/2018 11:04,56 Minutes,undefined
fe,11/19/2018 10:31,30 Minutes,undefined
IL,11/19/2018 10:00,30 Minutes,undefined
Ch,11/16/2018 13:02,60 Minutes,undefined
Ga,11/16/2018 12:04,57 Minutes,undefined
fe,11/16/2018 10:33,30 Minutes,undefined
Ur,11/16/2018 10:02,30 Minutes,undefined
IL,11/16/2018 9:31,30 Minutes,undefined
Ni,11/15/2018 23:02,30 Minutes,undefined
Eu,11/15/2018 22:00,60 Minutes,undefined
Li,11/15/2018 21:29,30 Minutes,undefined
Ja,11/15/2018 11:00,30 Minutes,undefined
Le,11/15/2018 9:30,30 Minutes,undefined
Pa,11/14/2018 15:36,30 Minutes,undefined
Ch,11/14/2018 13:01,60 Minutes,undefined
fe,11/14/2018 10:31,30 Minutes,undefined
Le,11/14/2018 9:30,30 Minutes,undefined
em,11/13/2018 23:16,15 Minutes,undefined
Eu,11/13/2018 22:01,60 Minutes,undefined
IL,11/13/2018 11:01,30 Minutes,undefined
ar,11/12/2018 11:03,58 Minutes,undefined
fe,11/12/2018 10:32,30 Minutes,undefined
Ch,11/9/2018 14:29,30 Minutes,undefined
JK,11/9/2018 13:31,30 Minutes,undefined
Ni,11/9/2018 13:00,28 Minutes,undefined
ar,11/9/2018 11:03,58 Minutes,undefined
fe,11/9/2018 10:31,30 Minutes,undefined
Ur,11/9/2018 10:01,30 Minutes,undefined
IL,11/9/2018 9:31,30 Minutes,undefined
Eu,11/8/2018 22:01,60 Minutes,undefined
Ja,11/8/2018 11:01,30 Minutes,undefined
fe,11/7/2018 10:28,30 Minutes,undefined
IL,11/7/2018 9:30,30 Minutes,undefined
em,11/6/2018 23:01,15 Minutes,undefined
Eu,11/6/2018 21:59,60 Minutes,undefined
Ni,11/6/2018 13:31,30 Minutes,undefined
Mi,11/6/2018 12:02,30 Minutes,undefined
ar,11/6/2018 11:03,58 Minutes,undefined
si,11/5/2018 16:30,16 Minutes,undefined
Ow,11/5/2018 15:50,10 Minutes,undefined
Ow,11/5/2018 15:47,2 Minutes,undefined
fe,11/5/2018 10:30,30 Minutes,undefined
IL,11/5/2018 9:31,30 Minutes,undefined
ar,11/2/2018 11:36,25 Minutes,undefined
ar,11/2/2018 11:01,34 Minutes,undefined
Ur,11/2/2018 10:04,30 Minutes,undefined
IL,11/2/2018 9:31,30 Minutes,undefined
fe,11/1/2018 23:04,28 Minutes,undefined
fe,11/1/2018 23:01,3 Minutes,undefined
Eu,11/1/2018 22:00,60 Minutes,undefined
Li,11/1/2018 21:30,30 Minutes,undefined
Ni,11/1/2018 13:31,30 Minutes,undefined
Ja,11/1/2018 11:30,30 Minutes,undefined
IL,10/31/2018 9:31,30 Minutes,undefined
fe,10/30/2018 23:18,30 Minutes,undefined
Eu,10/30/2018 22:24,54 Minutes,undefined
em,10/30/2018 22:14,10 Minutes,undefined
em,10/30/2018 22:08,0 Minutes,undefined
JK,10/30/2018 12:33,30 Minutes,undefined
Ni,10/29/2018 13:03,30 Minutes,undefined
ar,10/29/2018 11:02,60 Minutes,undefined
IL,10/29/2018 10:31,30 Minutes,undefined
fe,10/25/2018 23:00,30 Minutes,undefined
Eu,10/25/2018 22:00,60 Minutes,undefined
Pa,10/25/2018 12:42,18 Minutes,undefined
Pa,10/25/2018 12:35,5 Minutes,undefined
Pa,10/25/2018 12:30,4 Minutes,undefined
ar,10/24/2018 10:47,60 Minutes,undefined
IL,10/24/2018 9:34,28 Minutes,undefined
Eu,10/23/2018 22:32,45 Minutes,undefined
Eu,10/23/2018 22:31,0 Minutes,undefined
Li,10/23/2018 22:02,28 Minutes,undefined
Eu,10/23/2018 21:45,15 Minutes,undefined
em,10/23/2018 21:03,15 Minutes,undefined
em,10/23/2018 21:02,0 Minutes,undefined
Ni,10/23/2018 13:30,30 Minutes,undefined
Mo,10/23/2018 11:36,24 Minutes,undefined
Mo,10/23/2018 11:30,5 Minutes,undefined
al,10/22/2018 16:32,29 Minutes,undefined
al,10/22/2018 16:30,1 Minutes,undefined
Mo,10/22/2018 11:31,29 Minutes,undefined
fe,10/22/2018 10:02,30 Minutes,undefined
IL,10/22/2018 9:31,30 Minutes,undefined
al,10/19/2018 13:17,30 Minutes,undefined
1e,10/19/2018 13:06,10 Minutes,undefined
Ur,10/19/2018 10:01,30 Minutes,undefined
IL,10/19/2018 9:31,30 Minutes,undefined
Eu,10/18/2018 22:06,60 Minutes,undefined
Eu,10/18/2018 22:01,0 Minutes,undefined
em,10/18/2018 20:16,15 Minutes,undefined
no,10/18/2018 19:30,31 Minutes,undefined
Pa,10/18/2018 11:30,40 Minutes,undefined
al,10/17/2018 17:01,10 Minutes,undefined
al,10/17/2018 16:34,21 Minutes,undefined
Ni,10/17/2018 12:01,30 Minutes,undefined
Zh,10/17/2018 10:31,30 Minutes,undefined
go,10/17/2018 10:01,30 Minutes,undefined
IL,10/17/2018 9:31,30 Minutes,undefined
fe,10/16/2018 23:18,30 Minutes,undefined
em,10/16/2018 23:02,15 Minutes,undefined
Eu,10/16/2018 22:04,57 Minutes,undefined
Eu,10/16/2018 22:01,0 Minutes,undefined
Li,10/16/2018 21:30,30 Minutes,undefined
jo,10/16/2018 19:04,30 Minutes,undefined
jo,10/16/2018 19:02,0 Minutes,undefined
al,10/15/2018 16:32,30 Minutes,undefined
Pa,10/15/2018 11:15,30 Minutes,undefined
al,10/12/2018 16:35,29 Minutes,undefined
al,10/12/2018 16:31,1 Minutes,undefined
JK,10/12/2018 13:01,30 Minutes,undefined
IL,10/12/2018 9:31,30 Minutes,undefined
Eu,10/11/2018 22:53,12 Minutes,undefined
Eu,10/11/2018 22:04,48 Minutes,undefined
Eu,10/11/2018 22:03,0 Minutes,undefined
Mi,10/11/2018 19:04,30 Minutes,undefined
Su,10/11/2018 18:32,30 Minutes,undefined
no,10/11/2018 18:01,30 Minutes,undefined
no,10/11/2018 18:00,0 Minutes,undefined
al,10/10/2018 16:11,29 Minutes,undefined
al,10/10/2018 16:05,1 Minutes,undefined
Ni,10/10/2018 14:02,30 Minutes,undefined
Ur,10/10/2018 10:01,30 Minutes,undefined
IL,10/10/2018 9:30,30 Minutes,undefined
fe,10/9/2018 23:47,28 Minutes,undefined
Li,10/9/2018 23:17,25 Minutes,undefined
em,10/9/2018 23:01,15 Minutes,undefined
Eu,10/9/2018 22:00,60 Minutes,undefined
jo,10/9/2018 19:39,28 Minutes,undefined
jo,10/9/2018 19:36,1 Minutes,undefined
jo,10/9/2018 19:34,1 Minutes,undefined
ak,10/9/2018 14:45,35 Minutes,
wx,10/9/2018 14:27,15 Minutes,
wx,10/9/2018 14:19,7 Minutes,
al,10/8/2018 16:30,30 Minutes,undefined
jo,10/8/2018 16:00,30 Minutes,undefined
fe,10/8/2018 10:26,30 Minutes,undefined
al,10/5/2018 15:08,28 Minutes,undefined
al,10/5/2018 15:02,1 Minutes,undefined
al,10/5/2018 15:00,1 Minutes,undefined
Ab,10/5/2018 13:30,30 Minutes,undefined
go,10/5/2018 11:30,30 Minutes,undefined
é™,10/5/2018 10:01,30 Minutes,undefined
IL,10/5/2018 9:31,30 Minutes,undefined
Eu,10/4/2018 22:00,60 Minutes,undefined
jo,10/4/2018 19:33,30 Minutes,undefined
Ma,10/4/2018 19:01,3 Minutes,undefined
Ma,10/4/2018 18:16,42 Minutes,undefined
Ma,10/4/2018 18:00,15 Minutes,undefined
al,10/3/2018 16:33,30 Minutes,undefined
Ni,10/3/2018 16:10,22 Minutes,undefined
Ni,10/3/2018 16:02,6 Minutes,undefined
Ca,10/3/2018 14:10,52 Minutes,undefined
Ca,10/3/2018 14:05,4 Minutes,undefined
Ca,10/3/2018 14:05,0 Minutes,undefined
Co,10/3/2018 11:52,11 Minutes,undefined
Co,10/3/2018 11:01,49 Minutes,undefined
IL,10/3/2018 9:41,22 Minutes,undefined
IL,10/3/2018 9:31,8 Minutes,undefined
Eu,10/2/2018 22:02,60 Minutes,undefined
mi,10/2/2018 19:32,28 Minutes,undefined
mi,10/2/2018 19:31,0 Minutes,undefined
al,10/1/2018 14:00,40 Minutes,undefined
Co,10/1/2018 12:00,60 Minutes,undefined
Vi,10/1/2018 10:01,30 Minutes,undefined
IL,10/1/2018 9:30,30 Minutes,undefined
jo,9/28/2018 16:31,30 Minutes,undefined
al,9/28/2018 14:30,30 Minutes,
ì‹,9/28/2018 14:27,2 Minutes,
ht,9/28/2018 14:23,4 Minutes,
JK,9/28/2018 13:02,30 Minutes,undefined
Eu,9/27/2018 22:02,62 Minutes,undefined
Su,9/27/2018 18:31,30 Minutes,undefined
Ju,9/27/2018 17:31,30 Minutes,undefined
Ab,9/26/2018 13:30,30 Minutes,undefined
No,9/26/2018 10:02,30 Minutes,undefined
IL,9/26/2018 9:30,30 Minutes,undefined
em,9/25/2018 23:03,15 Minutes,undefined
Eu,9/25/2018 22:01,61 Minutes,undefined
Ju,9/25/2018 17:29,30 Minutes,undefined
wa,9/25/2018 17:11,12 Minutes,undefined
wa,9/25/2018 17:03,5 Minutes,undefined
wa,9/25/2018 16:59,2 Minutes,undefined
Ga,9/25/2018 12:33,55 Minutes,undefined
Ki,9/25/2018 12:00,30 Minutes,undefined
Ni,9/25/2018 11:30,30 Minutes,undefined
hi,9/21/2018 13:00,30 Minutes,undefined
Ni,9/21/2018 11:30,30 Minutes,undefined
IL,9/21/2018 9:31,30 Minutes,undefined
fe,9/20/2018 23:01,30 Minutes,undefined
Eu,9/20/2018 21:58,62 Minutes,undefined
jo,9/20/2018 19:32,30 Minutes,undefined
Ca,9/20/2018 19:01,30 Minutes,undefined
Ju,9/20/2018 17:32,30 Minutes,undefined
Ga,9/20/2018 11:58,7 Minutes,undefined
Ga,9/20/2018 11:04,53 Minutes,undefined
IL,9/20/2018 10:32,30 Minutes,undefined
fe,9/20/2018 10:02,30 Minutes,undefined
em,9/19/2018 10:32,15 Minutes,undefined
Eu,9/18/2018 22:01,60 Minutes,undefined
Ab,9/18/2018 18:38,2 Minutes,undefined
Ju,9/18/2018 17:41,27 Minutes,undefined
Ju,9/18/2018 17:33,3 Minutes,undefined
Ni,9/18/2018 17:02,30 Minutes,undefined
Ni,9/18/2018 17:01,0 Minutes,undefined
av,9/18/2018 11:59,19 Minutes,undefined
Eu,9/10/2018 21:27,60 Minutes,undefined
Eu,9/7/2018 21:33,60 Minutes,undefined
em,9/7/2018 21:18,15 Minutes,undefined
fe,9/7/2018 20:46,30 Minutes,undefined
jo,9/7/2018 16:01,30 Minutes,undefined
Li,9/6/2018 21:07,23 Minutes,undefined
Li,9/6/2018 21:04,2 Minutes,undefined
fe,9/6/2018 20:33,30 Minutes,undefined
em,9/6/2018 20:18,15 Minutes,undefined
Eu,9/5/2018 21:29,59 Minutes,undefined
jo,9/5/2018 20:31,30 Minutes,undefined
Su,9/5/2018 19:55,7 Minutes,undefined
Su,9/5/2018 19:52,2 Minutes,undefined
Su,9/5/2018 19:32,19 Minutes,undefined
Eu,8/31/2018 21:49,50 Minutes,undefined
Eu,8/31/2018 21:32,15 Minutes,undefined
em,8/31/2018 21:17,15 Minutes,undefined
fe,8/31/2018 20:46,30 Minutes,undefined
IL,8/31/2018 20:00,30 Minutes,undefined
Eu,8/30/2018 21:41,60 Minutes,undefined
Eu,8/30/2018 21:36,1 Minutes,undefined
jo,8/30/2018 21:03,30 Minutes,undefined
jo,8/30/2018 19:01,29 Minutes,undefined
Li,8/29/2018 21:34,31 Minutes,undefined
fe,8/29/2018 21:06,26 Minutes,undefined
Co,8/29/2018 19:13,60 Minutes,undefined
Ga,8/25/2018 0:04,60 Minutes,undefined
jo,8/24/2018 21:31,30 Minutes,undefined
IL,8/24/2018 21:00,30 Minutes,undefined
em,8/24/2018 1:45,15 Minutes,undefined
Ga,8/24/2018 1:09,21 Minutes,undefined
Ga,8/24/2018 1:02,6 Minutes,undefined
Eu,8/24/2018 0:04,57 Minutes,undefined
Eu,8/23/2018 21:29,63 Minutes,undefined
jo,8/23/2018 20:33,30 Minutes,undefined
em,8/23/2018 1:46,15 Minutes,undefined
em,8/23/2018 1:44,0 Minutes,undefined
za,8/23/2018 1:04,30 Minutes,undefined
Ni,8/22/2018 20:31,30 Minutes,undefined
Ga,8/22/2018 1:04,60 Minutes,undefined
Eu,8/22/2018 0:06,57 Minutes,undefined
Eu,8/21/2018 21:59,63 Minutes,undefined
fe,8/21/2018 21:02,30 Minutes,undefined
jo,8/21/2018 20:31,30 Minutes,undefined
Ga,8/21/2018 2:02,60 Minutes,undefined
fe,8/21/2018 1:03,30 Minutes,undefined
fe,8/21/2018 1:00,0 Minutes,undefined
Li,8/20/2018 21:30,30 Minutes,undefined
jo,8/20/2018 20:30,30 Minutes,undefined
Eu,8/17/2018 23:30,57 Minutes,undefined
Eu,8/17/2018 21:30,63 Minutes,undefined
go,8/17/2018 2:56,30 Minutes,undefined
em,8/17/2018 1:59,15 Minutes,undefined
fe,8/17/2018 1:01,30 Minutes,undefined
za,8/17/2018 0:16,29 Minutes,undefined
za,8/17/2018 0:14,1 Minutes,undefined
Ni,8/16/2018 20:38,27 Minutes,undefined
Ni,8/16/2018 20:33,3 Minutes,undefined
Ga,8/16/2018 2:01,60 Minutes,undefined
fe,8/16/2018 1:01,30 Minutes,undefined
Ya,8/15/2018 21:24,38 Minutes,undefined
Ya,8/15/2018 21:16,7 Minutes,undefined
Ga,8/15/2018 2:01,60 Minutes,undefined
jo,8/14/2018 21:37,30 Minutes,undefined
fe,8/14/2018 21:09,27 Minutes,undefined
fe,8/14/2018 21:01,2 Minutes,undefined
er,8/11/2018 2:02,30 Minutes,undefined
Ni,8/11/2018 1:32,30 Minutes,undefined
Fa,8/11/2018 1:01,30 Minutes,undefined
Ga,8/10/2018 23:35,26 Minutes,undefined
Ga,8/10/2018 23:29,5 Minutes,undefined
ro,8/10/2018 2:16,30 Minutes,undefined
em,8/10/2018 1:59,15 Minutes,undefined
za,8/10/2018 1:15,30 Minutes,undefined
Fa,8/9/2018 23:38,22 Minutes,undefined
Fa,8/9/2018 23:36,1 Minutes,undefined
Fa,8/9/2018 23:32,2 Minutes,undefined
Fa,8/9/2018 23:31,0 Minutes,undefined
To,8/9/2018 22:00,30 Minutes,undefined
Su,8/9/2018 20:35,30 Minutes,undefined
Fa,8/9/2018 1:01,28 Minutes,undefined
Li,8/8/2018 22:15,30 Minutes,undefined
jo,8/8/2018 21:32,29 Minutes,undefined
fe,8/8/2018 21:01,30 Minutes,undefined
er,8/8/2018 3:02,26 Minutes,undefined
Ã‰,8/8/2018 2:01,60 Minutes,undefined
Ga,8/8/2018 1:31,30 Minutes,undefined
em,8/8/2018 1:13,15 Minutes,undefined
Fa,8/8/2018 0:30,30 Minutes,undefined
IL,8/7/2018 20:31,30 Minutes,undefined
er,8/7/2018 2:01,30 Minutes,undefined
fe,8/6/2018 21:04,30 Minutes,undefined
er,8/4/2018 1:59,30 Minutes,undefined
Li,8/3/2018 22:17,30 Minutes,undefined
fe,8/3/2018 21:03,30 Minutes,undefined
IL,8/3/2018 20:31,30 Minutes,undefined
er,8/3/2018 1:58,30 Minutes,undefined
Ga,8/3/2018 1:08,23 Minutes,undefined
Ga,8/3/2018 1:00,7 Minutes,undefined
Ya,8/2/2018 21:47,32 Minutes,undefined
ro,8/2/2018 2:31,30 Minutes,undefined
em,8/2/2018 2:15,15 Minutes,undefined
yo,8/1/2018 22:13,21 Minutes,undefined
yo,8/1/2018 22:02,9 Minutes,undefined
fe,8/1/2018 21:31,30 Minutes,undefined
Ga,7/31/2018 2:46,29 Minutes,undefined
Ga,7/31/2018 2:44,1 Minutes,undefined
em,7/31/2018 2:06,15 Minutes,undefined
Fa,7/31/2018 1:32,29 Minutes,undefined
Eu,7/31/2018 0:02,51 Minutes,undefined
Eu,7/30/2018 21:33,57 Minutes,undefined
fe,7/30/2018 21:03,30 Minutes,undefined
Su,7/30/2018 20:33,30 Minutes,undefined
IL,7/30/2018 20:03,29 Minutes,undefined
Ga,7/27/2018 23:32,30 Minutes,undefined
Eu,7/27/2018 2:16,61 Minutes,undefined
jo,7/27/2018 1:40,30 Minutes,undefined
jo,7/27/2018 1:38,1 Minutes,undefined
Fa,7/27/2018 1:08,30 Minutes,undefined
Nu,7/27/2018 0:33,33 Minutes,undefined
za,7/27/2018 0:00,30 Minutes,undefined
Eu,7/26/2018 21:35,59 Minutes,undefined
fe,7/26/2018 21:05,30 Minutes,undefined
Do,7/26/2018 20:30,30 Minutes,undefined
Ga,7/26/2018 2:50,30 Minutes,undefined
em,7/26/2018 2:18,15 Minutes,undefined
fe,7/25/2018 21:11,29 Minutes,undefined
fe,7/25/2018 21:02,1 Minutes,undefined
Eu,7/25/2018 2:32,58 Minutes,undefined
Fa,7/25/2018 2:02,30 Minutes,undefined
Eu,7/24/2018 21:29,62 Minutes,undefined
Ni,7/24/2018 2:58,30 Minutes,undefined
em,7/24/2018 2:30,15 Minutes,undefined
Nu,7/24/2018 1:30,35 Minutes,undefined
Fa,7/24/2018 0:31,30 Minutes,undefined
Li,7/23/2018 21:36,30 Minutes,undefined
fe,7/23/2018 21:04,30 Minutes,undefined
er,7/21/2018 2:32,25 Minutes,undefined
er,7/21/2018 2:30,2 Minutes,undefined
er,7/21/2018 2:27,3 Minutes,undefined
Nu,7/21/2018 1:31,30 Minutes,undefined
Fa,7/21/2018 1:01,30 Minutes,undefined
za,7/21/2018 0:31,29 Minutes,undefined
fe,7/20/2018 21:30,30 Minutes,undefined
em,7/20/2018 2:08,11 Minutes,undefined
em,7/20/2018 2:02,4 Minutes,undefined
Fa,7/20/2018 1:01,30 Minutes,undefined
Nu,7/20/2018 0:30,30 Minutes,undefined
fe,7/19/2018 21:06,31 Minutes,undefined
Su,7/19/2018 20:37,28 Minutes,undefined
Su,7/19/2018 20:34,2 Minutes,undefined
Ga,7/19/2018 3:00,30 Minutes,undefined
Eu,7/19/2018 2:02,51 Minutes,undefined
Eu,7/19/2018 2:01,0 Minutes,undefined
Nu,7/19/2018 1:31,30 Minutes,undefined
Fa,7/19/2018 1:01,30 Minutes,undefined
Eu,7/18/2018 22:04,69 Minutes,undefined
Ol,7/18/2018 21:50,14 Minutes,undefined
fe,7/18/2018 21:01,30 Minutes,undefined
PY,7/18/2018 20:32,29 Minutes,undefined
er,7/18/2018 2:27,30 Minutes,undefined
Nu,7/18/2018 1:30,30 Minutes,undefined
Fa,7/18/2018 1:00,30 Minutes,undefined
em,7/17/2018 23:30,15 Minutes,undefined
Ni,7/17/2018 20:54,10 Minutes,undefined
Ni,7/17/2018 20:32,20 Minutes,undefined
Ga,7/17/2018 2:32,30 Minutes,undefined
Nu,7/17/2018 2:10,22 Minutes,undefined
jo,7/17/2018 1:32,29 Minutes,undefined
Eu,7/16/2018 23:02,60 Minutes,undefined
Eu,7/16/2018 21:01,60 Minutes,undefined
Li,7/16/2018 20:31,30 Minutes,undefined
Ga,7/14/2018 2:29,30 Minutes,undefined
Fa,7/14/2018 1:33,30 Minutes,undefined
Nu,7/14/2018 1:02,30 Minutes,undefined
za,7/14/2018 0:30,30 Minutes,undefined
em,7/13/2018 23:44,15 Minutes,undefined
fe,7/13/2018 21:01,30 Minutes,undefined
Ni,7/13/2018 20:30,31 Minutes,undefined
hi,7/13/2018 3:01,30 Minutes,undefined
er,7/13/2018 2:25,30 Minutes,undefined
Fa,7/13/2018 0:35,28 Minutes,undefined
Fa,7/13/2018 0:31,2 Minutes,undefined
Nu,7/13/2018 0:01,30 Minutes,undefined
fe,7/12/2018 21:02,31 Minutes,undefined
Su,7/12/2018 20:32,30 Minutes,undefined
Ga,7/12/2018 2:30,30 Minutes,undefined
Eu,7/12/2018 1:35,50 Minutes,undefined
Eu,7/12/2018 1:32,1 Minutes,undefined
Nu,7/12/2018 1:01,30 Minutes,undefined
em,7/11/2018 23:55,8 Minutes,undefined
em,7/11/2018 23:54,1 Minutes,undefined
em,7/11/2018 23:47,6 Minutes,undefined
Eu,7/11/2018 23:02,40 Minutes,undefined
Eu,7/11/2018 22:30,29 Minutes,undefined
Ol,7/11/2018 21:31,15 Minutes,undefined
er,7/11/2018 2:33,30 Minutes,undefined
er,7/11/2018 2:31,2 Minutes,undefined
Fa,7/11/2018 2:01,30 Minutes,undefined
Nu,7/11/2018 1:03,30 Minutes,undefined
Li,7/10/2018 22:45,30 Minutes,undefined
fe,7/10/2018 21:01,31 Minutes,undefined
Ga,7/10/2018 2:31,30 Minutes,undefined
Fa,7/10/2018 2:01,30 Minutes,undefined
Nu,7/10/2018 0:31,30 Minutes,undefined
Hy,7/9/2018 21:34,30 Minutes,undefined
JU,7/9/2018 21:03,30 Minutes,undefined
er,7/7/2018 2:30,30 Minutes,undefined
Nu,7/7/2018 1:02,30 Minutes,undefined
em,7/6/2018 23:45,15 Minutes,undefined
Su,7/6/2018 21:06,30 Minutes,undefined
Ni,7/6/2018 20:35,30 Minutes,undefined
Ya,7/6/2018 2:29,30 Minutes,undefined
Ya,7/6/2018 2:28,0 Minutes,undefined
Eu,7/6/2018 1:15,57 Minutes,undefined
za,7/6/2018 0:36,30 Minutes,undefined
Nu,7/6/2018 0:06,30 Minutes,undefined
Eu,7/5/2018 23:01,63 Minutes,undefined
Ni,7/5/2018 20:35,30 Minutes,undefined
er,7/5/2018 2:28,30 Minutes,undefined
Fa,7/5/2018 2:01,1 Minutes,undefined
Nu,7/4/2018 1:00,40 Minutes,undefined
Eu,7/4/2018 0:00,55 Minutes,undefined
Eu,7/3/2018 22:01,65 Minutes,undefined
hi,7/3/2018 3:01,30 Minutes,undefined
er,7/3/2018 2:28,30 Minutes,undefined
Ga,7/3/2018 1:56,30 Minutes,undefined
Fa,7/2/2018 23:43,21 Minutes,undefined
Fa,7/2/2018 23:30,9 Minutes,undefined
Li,7/2/2018 22:47,30 Minutes,undefined
Li,7/2/2018 22:45,1 Minutes,undefined
er,6/30/2018 2:31,30 Minutes,undefined
fe,6/29/2018 21:01,30 Minutes,undefined
Ni,6/29/2018 3:15,17 Minutes,undefined
Ni,6/29/2018 3:01,13 Minutes,undefined
er,6/29/2018 2:28,30 Minutes,undefined
za,6/29/2018 0:30,30 Minutes,undefined
Su,6/28/2018 20:35,30 Minutes,undefined
er,6/28/2018 2:30,30 Minutes,undefined
fe,6/27/2018 21:00,30 Minutes,undefined
er,6/27/2018 2:26,30 Minutes,undefined
er,6/26/2018 2:28,30 Minutes,undefined
Li,6/25/2018 22:45,30 Minutes,undefined
fe,6/25/2018 21:03,30 Minutes,undefined
Ni,6/25/2018 20:32,30 Minutes,undefined
za,6/23/2018 0:31,30 Minutes,undefined
fe,6/22/2018 21:31,38 Minutes,undefined
Su,6/22/2018 20:50,17 Minutes,undefined
Su,6/22/2018 20:40,7 Minutes,undefined
Su,6/22/2018 20:33,5 Minutes,undefined
Su,6/22/2018 20:31,1 Minutes,undefined
hi,6/21/2018 19:30,30 Minutes,undefined
Ga,6/21/2018 3:16,45 Minutes,undefined
er,6/21/2018 2:29,30 Minutes,undefined
em,6/20/2018 2:02,15 Minutes,undefined
Ni,6/19/2018 21:28,40 Minutes,undefined
ya,6/19/2018 3:00,2 Minutes,undefined
Li,6/18/2018 21:30,30 Minutes,undefined
fe,6/15/2018 21:32,37 Minutes,undefined
Su,6/15/2018 20:32,44 Minutes,undefined
Ni,6/14/2018 22:34,29 Minutes,undefined
mi,6/14/2018 20:31,16 Minutes,undefined
Sa,6/13/2018 22:02,30 Minutes,undefined
fe,6/13/2018 21:31,31 Minutes,undefined
Sa,6/12/2018 21:31,30 Minutes,undefined
Li,6/11/2018 22:45,30 Minutes,undefined
Ni,6/11/2018 22:22,18 Minutes,undefined
Ni,6/11/2018 22:13,9 Minutes,undefined
Ni,6/11/2018 22:08,4 Minutes,undefined
Ni,6/11/2018 22:03,5 Minutes,undefined
fe,6/11/2018 21:31,30 Minutes,undefined
Ni,6/9/2018 1:02,30 Minutes,undefined
fe,6/8/2018 21:40,28 Minutes,undefined
fe,6/8/2018 21:33,2 Minutes,undefined
Su,6/8/2018 21:06,26 Minutes,undefined
em,6/8/2018 20:45,15 Minutes,undefined
hi,6/8/2018 3:01,30 Minutes,undefined
Eu,6/8/2018 1:12,60 Minutes,undefined
Se,6/7/2018 21:07,30 Minutes,undefined
Fa,6/7/2018 1:45,30 Minutes,undefined
Sa,6/6/2018 22:05,30 Minutes,undefined
fe,6/6/2018 21:41,22 Minutes,undefined
fe,6/6/2018 21:32,8 Minutes,undefined
Se,6/6/2018 21:01,30 Minutes,undefined
Eu,6/6/2018 1:20,54 Minutes,undefined
Eu,6/6/2018 1:14,5 Minutes,undefined
Se,6/5/2018 22:59,30 Minutes,undefined
Sa,6/5/2018 21:32,27 Minutes,undefined
Ni,6/5/2018 21:01,30 Minutes,undefined
em,6/5/2018 20:30,15 Minutes,undefined
Se,6/4/2018 23:16,30 Minutes,undefined
Li,6/4/2018 22:45,30 Minutes,undefined
fe,6/4/2018 21:31,30 Minutes,undefined
Eu,6/2/2018 0:44,57 Minutes,undefined
Su,6/1/2018 20:34,31 Minutes,undefined
Tu,6/1/2018 2:54,30 Minutes,undefined
Fa,6/1/2018 2:24,6 Minutes,undefined
Fa,6/1/2018 2:03,20 Minutes,undefined
Se,6/1/2018 1:01,30 Minutes,undefined
fe,5/31/2018 21:32,30 Minutes,undefined
Se,5/31/2018 21:00,29 Minutes,undefined
ab,5/30/2018 23:31,30 Minutes,undefined
fe,5/30/2018 21:34,30 Minutes,undefined
Se,5/30/2018 21:04,31 Minutes,undefined
in,5/30/2018 20:30,33 Minutes,undefined
Fa,5/30/2018 2:01,30 Minutes,undefined
Li,5/29/2018 22:48,30 Minutes,undefined
Se,5/29/2018 22:20,27 Minutes,
fe,5/29/2018 21:30,30 Minutes,undefined
Ni,5/29/2018 2:08,27 Minutes,undefined
Ni,5/29/2018 2:04,3 Minutes,undefined
Se,5/28/2018 22:59,30 Minutes,undefined
in,5/28/2018 20:35,0 Minutes,undefined
Ni,5/26/2018 3:00,30 Minutes,undefined
Se,5/25/2018 22:21,30 Minutes,
fe,5/25/2018 21:32,30 Minutes,undefined
ì¢,5/25/2018 21:00,30 Minutes,undefined
Se,5/24/2018 21:30,30 Minutes,undefined
Su,5/24/2018 20:06,30 Minutes,undefined
Ni,5/24/2018 3:01,30 Minutes,undefined
ya,5/24/2018 2:26,30 Minutes,undefined
Fa,5/24/2018 1:47,30 Minutes,undefined
Fa,5/23/2018 23:05,30 Minutes,undefined
Fa,5/23/2018 23:00,0 Minutes,undefined
Se,5/23/2018 22:16,29 Minutes,
Se,5/23/2018 22:13,1 Minutes,
fe,5/23/2018 21:32,30 Minutes,undefined
Hy,5/23/2018 21:01,30 Minutes,undefined
ya,5/23/2018 2:00,30 Minutes,undefined
Em,5/22/2018 23:32,30 Minutes,undefined
fe,5/22/2018 21:31,30 Minutes,undefined
Se,5/22/2018 21:01,30 Minutes,undefined
ya,5/22/2018 3:00,30 Minutes,undefined
Li,5/21/2018 22:45,30 Minutes,undefined
Mu,5/19/2018 2:28,30 Minutes,undefined
Se,5/19/2018 0:01,30 Minutes,undefined
Se,5/18/2018 22:22,30 Minutes,
fe,5/18/2018 21:32,30 Minutes,undefined
Ni,5/18/2018 2:33,8 Minutes,undefined
Ni,5/18/2018 2:07,22 Minutes,undefined
Eu,5/17/2018 23:59,120 Minutes,undefined
Se,5/17/2018 20:28,30 Minutes,undefined
ya,5/17/2018 2:31,30 Minutes,undefined
Fa,5/17/2018 1:45,30 Minutes,undefined
Se,5/17/2018 0:01,30 Minutes,undefined
Em,5/16/2018 23:28,30 Minutes,undefined
Se,5/16/2018 22:18,16 Minutes,undefined
Se,5/16/2018 22:03,14 Minutes,undefined
fe,5/16/2018 21:32,30 Minutes,undefined
Hy,5/16/2018 21:11,20 Minutes,undefined
Ma,5/15/2018 22:08,84 Minutes,undefined
fe,5/15/2018 21:36,30 Minutes,undefined
ya,5/15/2018 3:00,30 Minutes,undefined
Fa,5/15/2018 1:02,30 Minutes,undefined
Eu,5/14/2018 23:59,59 Minutes,undefined
Li,5/14/2018 22:20,30 Minutes,undefined
ju,5/14/2018 21:42,27 Minutes,undefined
ju,5/14/2018 21:38,3 Minutes,undefined
ya,5/12/2018 2:59,30 Minutes,undefined
Se,5/11/2018 23:01,30 Minutes,undefined
Se,5/11/2018 22:01,30 Minutes,undefined
fe,5/11/2018 21:42,19 Minutes,undefined
fe,5/11/2018 21:29,11 Minutes,undefined
Se,5/5/2018 1:38,30 Minutes,undefined
fe,5/4/2018 21:29,46 Minutes,undefined
Ni,5/4/2018 20:35,30 Minutes,undefined
me,5/4/2018 3:51,15 Minutes,undefined
me,5/4/2018 3:34,15 Minutes,undefined
Sa,5/4/2018 1:01,60 Minutes,undefined
Se,5/3/2018 23:03,30 Minutes,undefined
Em,5/3/2018 1:59,30 Minutes,undefined
Na,5/2/2018 20:58,30 Minutes,undefined
Fa,5/2/2018 0:54,30 Minutes,undefined
wa,5/2/2018 0:00,31 Minutes,undefined
dl,5/1/2018 22:03,30 Minutes,undefined
fe,5/1/2018 21:34,29 Minutes,undefined
AY,5/1/2018 21:03,30 Minutes,undefined
Fa,5/1/2018 0:57,30 Minutes,undefined
Se,4/30/2018 22:02,30 Minutes,undefined
in,4/30/2018 21:03,30 Minutes,undefined
Ni,4/30/2018 20:33,29 Minutes,undefined
Fa,4/28/2018 0:54,30 Minutes,undefined
Se,4/27/2018 23:00,30 Minutes,undefined
jy,4/27/2018 22:01,11 Minutes,undefined
Ni,4/27/2018 21:31,30 Minutes,undefined
Se,4/27/2018 20:58,30 Minutes,undefined
jy,4/27/2018 20:32,4 Minutes,undefined
jy,4/27/2018 20:31,0 Minutes,undefined
Fa,4/27/2018 1:02,30 Minutes,undefined
Se,4/27/2018 0:45,16 Minutes,undefined
Se,4/27/2018 0:30,10 Minutes,undefined
al,4/26/2018 22:15,45 Minutes,undefined
fe,4/26/2018 21:32,30 Minutes,undefined
Hy,4/26/2018 21:04,27 Minutes,undefined
Hy,4/26/2018 21:01,3 Minutes,undefined
Se,4/26/2018 20:27,30 Minutes,undefined
SS,4/26/2018 2:55,8 Minutes,undefined
SS,4/26/2018 2:32,22 Minutes,undefined
ya,4/26/2018 2:02,30 Minutes,undefined
Fr,4/25/2018 3:31,15 Minutes,
ya,4/25/2018 0:59,30 Minutes,undefined
Li,4/24/2018 23:00,30 Minutes,undefined
Se,4/24/2018 21:02,30 Minutes,undefined
Ni,4/24/2018 20:47,14 Minutes,undefined
Ni,4/24/2018 20:30,16 Minutes,undefined
ya,4/24/2018 1:59,30 Minutes,undefined
Se,4/23/2018 23:29,30 Minutes,undefined
Pa,4/23/2018 20:31,30 Minutes,undefined
Fa,4/21/2018 2:59,29 Minutes,undefined
Fa,4/21/2018 2:58,0 Minutes,undefined
Se,4/20/2018 22:00,30 Minutes,undefined
Se,4/20/2018 21:01,30 Minutes,undefined
Le,4/20/2018 20:32,29 Minutes,undefined
pe,4/19/2018 23:19,30 Minutes,
Li,4/19/2018 22:45,31 Minutes,undefined
Hy,4/19/2018 22:12,30 Minutes,undefined
Ni,4/19/2018 21:15,16 Minutes,undefined
Ni,4/19/2018 21:14,1 Minutes,undefined
Ni,4/19/2018 21:06,6 Minutes,undefined
Ni,4/19/2018 20:56,10 Minutes,undefined
Se,4/19/2018 20:00,30 Minutes,undefined
ya,4/19/2018 2:54,30 Minutes,undefined
ue,4/19/2018 1:39,30 Minutes,undefined
Fa,4/19/2018 1:13,12 Minutes,undefined
Fa,4/19/2018 0:54,18 Minutes,undefined
Ni,4/18/2018 23:57,30 Minutes,undefined
Se,4/18/2018 21:58,30 Minutes,undefined
AY,4/18/2018 21:02,30 Minutes,undefined
SS,4/18/2018 1:58,30 Minutes,undefined
Fa,4/17/2018 23:55,40 Minutes,undefined
Se,4/17/2018 22:00,30 Minutes,undefined
Se,4/17/2018 21:10,30 Minutes,
ka,4/17/2018 3:59,28 Minutes,
on,4/17/2018 3:30,4 Minutes,undefined
on,4/17/2018 3:27,1 Minutes,undefined
on,4/17/2018 3:07,5 Minutes,undefined
Se,4/17/2018 0:00,30 Minutes,undefined
Li,4/16/2018 23:01,30 Minutes,undefined
Se,4/16/2018 22:30,30 Minutes,undefined
JK,4/16/2018 21:44,19 Minutes,undefined
JK,4/16/2018 21:42,1 Minutes,undefined
JK,4/16/2018 21:30,10 Minutes,undefined
AY,4/16/2018 20:58,30 Minutes,undefined
Ni,4/13/2018 21:58,30 Minutes,undefined
Se,4/13/2018 21:01,29 Minutes,undefined
Se,4/13/2018 20:59,1 Minutes,undefined
Ni,4/13/2018 4:05,1 Minutes,undefined
Ni,4/13/2018 3:35,26 Minutes,undefined
Ni,4/13/2018 3:34,0 Minutes,undefined
Ma,4/12/2018 22:34,64 Minutes,undefined
Sa,4/12/2018 22:06,28 Minutes,undefined
Sa,4/12/2018 22:03,1 Minutes,undefined
Sa,4/12/2018 22:01,1 Minutes,undefined
Se,4/12/2018 20:01,30 Minutes,undefined
on,4/12/2018 1:39,1 Minutes,undefined
Hy,4/11/2018 21:31,30 Minutes,undefined
Se,4/11/2018 21:00,30 Minutes,undefined
Br,4/11/2018 2:31,30 Minutes,undefined
SS,4/11/2018 2:01,30 Minutes,undefined
Sa,4/10/2018 21:58,30 Minutes,undefined
Ni,4/10/2018 20:43,28 Minutes,undefined
Ni,4/10/2018 20:41,2 Minutes,undefined
Se,4/10/2018 20:01,30 Minutes,undefined
Br,4/10/2018 2:32,30 Minutes,undefined
SS,4/10/2018 2:01,30 Minutes,undefined
Ab,4/10/2018 1:38,22 Minutes,
ma,4/10/2018 1:38,0 Minutes,
Ab,4/10/2018 1:28,8 Minutes,
Li,4/9/2018 22:37,31 Minutes,undefined
Se,4/9/2018 20:28,45 Minutes,undefined
Ni,4/7/2018 2:43,16 Minutes,undefined
Br,4/7/2018 1:47,30 Minutes,undefined
ya,4/6/2018 2:52,30 Minutes,undefined
Ma,4/5/2018 22:31,75 Minutes,undefined
Sa,4/5/2018 21:58,30 Minutes,undefined
Ke,4/5/2018 20:29,30 Minutes,undefined
SS,4/5/2018 2:15,30 Minutes,undefined
Le,4/4/2018 23:15,30 Minutes,undefined
Li,4/4/2018 22:44,30 Minutes,undefined
Sa,4/4/2018 22:11,29 Minutes,
ZG,4/4/2018 21:01,30 Minutes,undefined
Ni,4/4/2018 20:29,30 Minutes,undefined
Br,4/4/2018 2:30,30 Minutes,undefined
Sa,4/3/2018 22:35,29 Minutes,undefined
Sa,4/3/2018 22:34,2 Minutes,undefined
ju,4/3/2018 22:26,7 Minutes,undefined
ju,4/3/2018 22:04,22 Minutes,undefined
Ji,4/3/2018 21:25,29 Minutes,undefined
Ni,4/3/2018 20:03,30 Minutes,undefined
ke,4/3/2018 3:32,30 Minutes,undefined
Br,4/3/2018 3:02,29 Minutes,undefined
SS,4/3/2018 2:51,10 Minutes,undefined
SS,4/3/2018 2:31,20 Minutes,undefined
Ni,4/2/2018 20:30,30 Minutes,undefined
SS,3/31/2018 2:16,30 Minutes,undefined
Br,3/31/2018 2:02,13 Minutes,undefined
Br,3/31/2018 1:47,14 Minutes,undefined
go,3/30/2018 22:59,30 Minutes,undefined
Se,3/30/2018 21:34,30 Minutes,undefined
Ni,3/30/2018 21:27,7 Minutes,undefined
Ni,3/30/2018 21:02,23 Minutes,undefined
in,3/30/2018 20:30,30 Minutes,undefined
Ka,3/30/2018 3:01,15 Minutes,undefined
Br,3/30/2018 2:31,29 Minutes,undefined
SS,3/30/2018 2:00,30 Minutes,undefined
Hy,3/29/2018 22:03,30 Minutes,undefined
JK,3/29/2018 21:40,21 Minutes,undefined
Se,3/29/2018 21:01,30 Minutes,undefined
Ni,3/29/2018 20:30,30 Minutes,undefined
Br,3/29/2018 2:31,29 Minutes,undefined
za,3/29/2018 0:31,30 Minutes,undefined
Dr,3/28/2018 22:16,5 Minutes,undefined
Se,3/28/2018 21:27,30 Minutes,undefined
SS,3/28/2018 2:18,30 Minutes,undefined
Br,3/28/2018 1:48,30 Minutes,undefined
Se,3/27/2018 22:33,30 Minutes,undefined
mo,3/27/2018 21:59,32 Minutes,undefined
Ji,3/27/2018 21:29,30 Minutes,undefined
Ni,3/27/2018 20:01,30 Minutes,undefined
Al,3/27/2018 3:30,30 Minutes,undefined
Br,3/27/2018 2:31,29 Minutes,undefined
Ni,3/27/2018 1:52,30 Minutes,undefined
Yu,3/26/2018 22:50,30 Minutes,undefined
yu,3/26/2018 21:32,30 Minutes,undefined
ek,3/26/2018 21:01,30 Minutes,undefined
so,3/26/2018 20:31,30 Minutes,undefined
Br,3/24/2018 2:30,29 Minutes,undefined
Se,3/24/2018 0:30,54 Minutes,undefined
Is,3/23/2018 22:16,29 Minutes,undefined
Ni,3/23/2018 21:00,29 Minutes,undefined
Br,3/23/2018 2:29,29 Minutes,undefined
Ni,3/23/2018 1:01,30 Minutes,undefined
Em,3/22/2018 23:53,30 Minutes,undefined
Se,3/22/2018 20:31,30 Minutes,undefined
SS,3/22/2018 3:01,30 Minutes,undefined
Br,3/22/2018 2:31,29 Minutes,undefined
Em,3/21/2018 23:56,30 Minutes,undefined
Yu,3/21/2018 22:52,15 Minutes,undefined
JK,3/21/2018 21:32,30 Minutes,undefined
Ni,3/21/2018 21:01,30 Minutes,undefined
Se,3/21/2018 20:31,30 Minutes,undefined
Le,3/21/2018 3:31,29 Minutes,undefined
SS,3/21/2018 3:01,30 Minutes,undefined
Br,3/21/2018 2:31,29 Minutes,undefined
Ad,3/21/2018 1:37,53 Minutes,undefined
Ad,3/21/2018 1:36,1 Minutes,undefined
Ad,3/21/2018 1:31,4 Minutes,undefined
Em,3/20/2018 23:55,30 Minutes,undefined
Se,3/20/2018 20:31,30 Minutes,undefined
SS,3/20/2018 3:33,28 Minutes,undefined
SS,3/20/2018 3:31,2 Minutes,undefined
Ni,3/20/2018 1:11,20 Minutes,undefined
Ni,3/20/2018 1:00,10 Minutes,undefined
Ib,3/20/2018 0:37,23 Minutes,undefined
Ib,3/20/2018 0:35,1 Minutes,undefined
le,3/20/2018 0:00,30 Minutes,undefined
Da,3/19/2018 21:03,30 Minutes,undefined
Re,3/19/2018 20:32,30 Minutes,undefined
SS,3/17/2018 3:11,30 Minutes,undefined
Ã–,3/17/2018 1:35,35 Minutes,
Br,3/17/2018 1:32,1 Minutes,
Br,3/17/2018 1:17,14 Minutes,
Em,3/17/2018 0:29,3 Minutes,undefined
Em,3/17/2018 0:03,25 Minutes,undefined
Em,3/17/2018 0:00,2 Minutes,undefined
Se,3/16/2018 21:16,30 Minutes,undefined
gr,3/16/2018 21:01,15 Minutes,undefined
Ky,3/16/2018 20:31,30 Minutes,undefined
Ni,3/16/2018 20:14,16 Minutes,undefined
Ni,3/16/2018 20:04,9 Minutes,undefined
Ni,3/16/2018 20:02,0 Minutes,undefined
Br,3/16/2018 2:31,30 Minutes,undefined
Ni,3/16/2018 1:57,30 Minutes,undefined
Em,3/15/2018 23:55,30 Minutes,undefined
ce,3/15/2018 21:43,54 Minutes,
ce,3/15/2018 21:41,1 Minutes,
ce,3/15/2018 21:35,5 Minutes,
Se,3/15/2018 21:04,30 Minutes,
Ye,3/15/2018 20:00,28 Minutes,undefined
SS,3/15/2018 3:01,30 Minutes,undefined
Br,3/15/2018 2:31,30 Minutes,undefined
Br,3/15/2018 2:28,0 Minutes,undefined
Ni,3/15/2018 1:00,30 Minutes,undefined
Em,3/14/2018 23:58,30 Minutes,undefined
Se,3/14/2018 21:28,30 Minutes,undefined
so,3/14/2018 3:34,27 Minutes,undefined
Br,3/14/2018 2:32,30 Minutes,undefined
Ba,3/14/2018 2:01,30 Minutes,undefined
Em,3/13/2018 23:58,30 Minutes,undefined
pr,3/13/2018 22:27,30 Minutes,undefined
Ka,3/13/2018 3:01,30 Minutes,undefined
Br,3/13/2018 2:53,9 Minutes,undefined
Br,3/13/2018 2:34,19 Minutes,undefined
Ni,3/13/2018 1:01,40 Minutes,undefined
Em,3/12/2018 23:57,30 Minutes,undefined
So,3/12/2018 23:18,16 Minutes,undefined
So,3/12/2018 22:59,19 Minutes,undefined
Hy,3/12/2018 21:32,45 Minutes,undefined
Se,3/12/2018 21:00,30 Minutes,undefined
ot,3/12/2018 20:35,25 Minutes,undefined
ot,3/12/2018 20:30,3 Minutes,undefined
SS,3/10/2018 4:22,11 Minutes,undefined
SS,3/10/2018 4:11,9 Minutes,undefined
SS,3/10/2018 3:59,10 Minutes,undefined
Ez,3/10/2018 1:41,23 Minutes,undefined
Ez,3/10/2018 1:03,36 Minutes,undefined
Em,3/9/2018 23:53,30 Minutes,undefined
St,3/9/2018 21:32,30 Minutes,undefined
Se,3/9/2018 21:01,30 Minutes,undefined
Br,3/9/2018 2:32,30 Minutes,undefined
Em,3/9/2018 1:56,30 Minutes,undefined
Em,3/9/2018 0:03,30 Minutes,undefined
Se,3/8/2018 21:01,30 Minutes,undefined
Br,3/8/2018 2:33,30 Minutes,undefined
Si,3/8/2018 2:01,31 Minutes,undefined
Ay,3/8/2018 0:55,17 Minutes,undefined
Se,3/7/2018 21:27,30 Minutes,undefined
Mo,3/7/2018 5:07,30 Minutes,
Br,3/7/2018 3:59,28 Minutes,
Br,3/7/2018 3:56,2 Minutes,
Tu,3/7/2018 3:38,9 Minutes,undefined
Tu,3/7/2018 3:35,2 Minutes,undefined
Ka,3/7/2018 2:55,30 Minutes,undefined
Em,3/6/2018 23:59,30 Minutes,undefined
go,3/6/2018 23:05,30 Minutes,undefined
Se,3/6/2018 20:55,30 Minutes,undefined
Da,3/6/2018 7:59,60 Minutes,undefined
íˆ,3/6/2018 3:21,4 Minutes,undefined
íˆ,3/6/2018 3:11,2 Minutes,undefined
íˆ,3/6/2018 3:03,7 Minutes,undefined
Br,3/6/2018 2:32,29 Minutes,undefined
Ka,3/6/2018 1:00,36 Minutes,undefined
Em,3/5/2018 23:59,30 Minutes,undefined
Se,3/5/2018 22:30,30 Minutes,undefined
Sa,3/5/2018 22:08,22 Minutes,undefined
Sa,3/5/2018 22:05,1 Minutes,undefined
Sa,3/5/2018 22:02,2 Minutes,undefined
Sa,3/5/2018 21:55,5 Minutes,undefined
Em,3/3/2018 0:01,30 Minutes,undefined
Se,3/2/2018 22:27,30 Minutes,undefined
Br,3/2/2018 2:26,30 Minutes,undefined
Em,3/1/2018 23:52,30 Minutes,undefined
Ez,3/1/2018 23:42,8 Minutes,undefined
Ez,3/1/2018 23:15,22 Minutes,undefined
Sa,3/1/2018 21:57,30 Minutes,undefined
Br,3/1/2018 3:31,30 Minutes,
Ka,3/1/2018 3:29,1 Minutes,
me,3/1/2018 1:35,25 Minutes,
Ha,3/1/2018 1:27,8 Minutes,
Ka,3/1/2018 1:13,11 Minutes,
Ja,3/1/2018 1:07,4 Minutes,
ma,3/1/2018 1:00,5 Minutes,
Hy,3/1/2018 0:04,21 Minutes,
Vl,2/28/2018 22:30,14 Minutes,undefined
Se,2/28/2018 5:19,30 Minutes,
Br,2/28/2018 4:48,30 Minutes,
Al,2/28/2018 4:35,5 Minutes,
GA,2/28/2018 4:03,14 Minutes,
If,2/28/2018 0:58,15 Minutes,
ca,2/28/2018 0:53,4 Minutes,
Ez,2/28/2018 0:39,7 Minutes,
Ah,2/28/2018 0:37,1 Minutes,
Ø¹,2/28/2018 0:35,1 Minutes,
al,2/28/2018 0:30,1 Minutes,
Em,2/28/2018 0:09,0 Minutes,
An,2/27/2018 23:56,1 Minutes,
Om,2/27/2018 23:50,1 Minutes,
Om,2/27/2018 23:44,4 Minutes,
Sa,2/27/2018 21:58,30 Minutes,undefined
Se,2/27/2018 1:59,30 Minutes,
Gr,2/26/2018 22:35,30 Minutes,
Fe,2/26/2018 22:31,2 Minutes,
se,2/26/2018 22:25,5 Minutes,
Ø´,2/26/2018 22:21,1 Minutes,
xo,2/26/2018 21:33,17 Minutes,
Ki,2/24/2018 0:35,23 Minutes,
ma,2/24/2018 0:23,5 Minutes,
Hy,2/23/2018 23:42,30 Minutes,
Me,2/23/2018 22:58,5 Minutes,
Je,2/23/2018 22:19,38 Minutes,
Se,2/23/2018 1:22,30 Minutes,
be,2/23/2018 0:00,30 Minutes,
Gu,2/22/2018 23:02,40 Minutes,
yt,2/22/2018 23:00,0 Minutes,
Mu,2/22/2018 22:03,12 Minutes,
Se,2/22/2018 1:10,30 Minutes,
ì,2/21/2018 23:57,15 Minutes,
oh,2/21/2018 23:54,3 Minutes,
Se,2/21/2018 23:22,30 Minutes,
al,2/21/2018 23:03,15 Minutes,
Mu,2/21/2018 21:56,35 Minutes,
La,2/21/2018 3:55,9 Minutes,
Ta,2/20/2018 22:56,41 Minutes,
tu,2/20/2018 22:34,14 Minutes,
s.,2/20/2018 22:13,18 Minutes,
s.,2/20/2018 22:04,7 Minutes,
he,2/20/2018 21:48,5 Minutes,
sa,2/20/2018 21:39,0 Minutes,
SS,2/20/2018 2:00,30 Minutes,undefined
Yo,2/17/2018 1:00,1 Minutes,
Ha,2/17/2018 0:41,3 Minutes,
Ri,2/17/2018 0:09,31 Minutes,
Hy,2/16/2018 23:33,30 Minutes,
yo,2/16/2018 23:03,30 Minutes,
h0,2/16/2018 3:15,30 Minutes,
43,2/16/2018 1:56,29 Minutes,
Kh,2/15/2018 1:37,30 Minutes,
Ed,2/10/2018 4:41,30 Minutes,
Ta,2/9/2018 4:20,36 Minutes,
Kr,2/9/2018 4:19,0 Minutes,
Kr,2/9/2018 4:18,0 Minutes,
sa,2/9/2018 4:12,5 Minutes,
Ad,12/22/2017 1:45,29 Minutes,
nd,12/16/2017 1:18,25 Minutes,
nd,12/16/2017 0:17,56 Minutes,
Aj,12/15/2017 23:59,2 Minutes,
Hy,12/15/2017 23:23,30 Minutes,
hu,12/15/2017 22:24,30 Minutes,
Mi,12/15/2017 22:22,1 Minutes,
no,12/15/2017 22:21,0 Minutes,
ca,12/15/2017 0:45,2 Minutes,
Me,12/15/2017 0:19,9 Minutes,
El,12/14/2017 23:48,10 Minutes,
ca,12/14/2017 23:24,1 Minutes,
ka,12/14/2017 23:04,15 Minutes,
SS,12/14/2017 21:59,30 Minutes,undefined
an,12/13/2017 0:32,29 Minutes,undefined
an,12/13/2017 0:27,1 Minutes,undefined
Ch,12/12/2017 2:19,60 Minutes,
an,12/12/2017 2:08,5 Minutes,
Ay,12/11/2017 23:51,45 Minutes,
Al,12/9/2017 1:24,12 Minutes,
Al,12/9/2017 1:01,22 Minutes,
su,12/8/2017 22:31,60 Minutes,undefined
ao,12/7/2017 2:04,43 Minutes,
Hu,12/7/2017 1:32,30 Minutes,
ni,12/7/2017 1:00,30 Minutes,
Ãœ,12/7/2017 0:54,3 Minutes,
an,12/7/2017 0:23,30 Minutes,
vh,12/7/2017 0:14,1 Minutes,
vh,12/7/2017 0:11,0 Minutes,
Mo,12/7/2017 0:03,1 Minutes,
al,12/5/2017 2:54,0 Minutes,
Mu,12/5/2017 2:38,8 Minutes,
TS,12/5/2017 2:12,6 Minutes,
TS,12/5/2017 2:00,9 Minutes,
hk,12/1/2017 23:02,58 Minutes,undefined
hk,12/1/2017 23:00,2 Minutes,undefined
zh,12/1/2017 22:49,5 Minutes,
Ha,12/1/2017 22:44,4 Minutes,
A.,11/30/2017 1:55,4 Minutes,
ka,11/30/2017 1:11,38 Minutes,
Ja,11/30/2017 1:04,5 Minutes,
ka,11/30/2017 0:55,2 Minutes,
ya,11/30/2017 0:16,27 Minutes,
el,11/30/2017 0:05,8 Minutes,
Se,11/30/2017 0:01,1 Minutes,
Vi,11/29/2017 0:56,5 Minutes,
Ca,11/29/2017 0:54,0 Minutes,
mi,11/29/2017 0:24,11 Minutes,
mi,11/29/2017 0:22,1 Minutes,
SS,11/28/2017 23:41,30 Minutes,undefined
Ù†,11/28/2017 23:13,6 Minutes,
Ù†,11/27/2017 23:44,28 Minutes,
Ù†,11/27/2017 23:42,2 Minutes,
an,11/27/2017 23:39,1 Minutes,
SS,11/27/2017 23:02,30 Minutes,
Ba,11/27/2017 22:41,15 Minutes,
ha,11/27/2017 21:56,25 Minutes,
og,11/26/2017 0:26,30 Minutes,
Ø¹,11/26/2017 0:12,12 Minutes,
Se,11/25/2017 23:29,30 Minutes,
ya,11/25/2017 23:20,4 Minutes,
Bo,11/25/2017 23:11,8 Minutes,
ab,11/23/2017 0:51,5 Minutes,
Sa,11/23/2017 0:17,30 Minutes,
sa,11/23/2017 0:07,8 Minutes,
me,11/22/2017 23:55,6 Minutes,
kh,11/22/2017 23:01,10 Minutes,
Ee,11/8/2017 12:42,5 Minutes,
Sy,11/8/2017 12:25,5 Minutes,
kr,11/8/2017 12:19,0 Minutes,
kr,11/8/2017 12:16,0 Minutes,
